Workbook

Sheet Instructiuni
A1: Calculul termic al motorului cu ardere internă – foaie de calcul pentru proiectul PCMAI (MM3104)
A2: Însoțește „Procese și caracteristici ale motoarelor cu ardere internă – Îndrumar de proiect” (A.-M. Beldugan, UOC, 2026). Metoda: calcul la 1 kg de combustibil, bilanț energetic cu u și i reale (foaia Tabele), interpolare liniară.
A4: Cum se folosește:
A5: 1. În foaia Date, alegeți tipul motorului (MAS sau MAC) și completați coloana C „Valoare de calcul” – celulele galbene cu text albastru. Coloanele D și E conțin exemplele rezolvate din îndrumar (cap. 10 și 11), pentru control.
A6: 2. Foile Admisie, Comprimare, Ardere, Destindere și Performante calculează automat toate mărimile, în ordinea etapelor proiectului. Nu modificați formulele (text negru).
A7: 3. Foaia Verificari arată abaterile T_a, T_r și încadrarea în valorile uzuale; dacă ΔT_r > 5 %, se scrie în Date valoarea T_r′ calculată și se recalculează.
A8: 4. Foaia Diagrama conține tabelul p–V și p–α al ciclului de calcul (din 5 în 5 °RAC) și graficele; rotunjirea diagramei se face conform cap. 8 din îndrumar.
A9: 5. Foaia Caracteristica conține caracteristica exterioară de turație (relațiile Leiderman) și graficul.
A10: 6. Foaia Tabele conține energia internă u și entalpia i [kJ/kmol] pentru CO₂, H₂O, O₂, N₂ (polinoame NASA, GRI-Mech 3.0; originea la 0 K). Foaia Amestecuri calculează u și i ale amestecurilor pe aceeași grilă, pentru interpolarea inversă.
A12: Convenții de culoare: celule galbene cu text albastru = date de intrare; text negru = formule; text verde = valori preluate din altă foaie.
A13: Unități: presiuni în MPa, temperaturi în K, energii în kJ (pentru 1 kg de combustibil), volume în cm³ la diagrama indicată.
A14: Rezolvarea ecuațiilor pentru n₁ și n₂ se face prin iterații de punct fix (8 iterații), vizibile în foile Comprimare și Destindere.
A15: Coeficienții a, b se obțin prin regresie pe grila tabelelor (din 50 în 50 K); față de îndrumar pot apărea diferențe în ultima zecimală (sub 0,1 %).

Sheet Date
A1: Date de proiectare și parametri inițiali
A2: Completați coloana C (celule galbene). Coloanele D–E: exemplele din îndrumar (cap. 10 – MAS, cap. 11 – MAC). Intervalele recomandate sunt în Tabelul 1.1 din îndrumar.
A4: Mărime | B4: Simbol | C4: Valoare de calcul | D4: Exemplu MAS (cap. 10) | E4: Exemplu MAC (cap. 11) | F4: Unitate | G4: Nume în formule
A5: Tipul motorului (MAS sau MAC) | B5: tip | C5: MAS | D5: MAS | E5: MAC | F5: – | G5: tip
A6: Puterea efectivă nominală | B6: Pe | C6: 55 | D6: 55 | E6: 66 | F6: kW | G6: P_nom
A7: Turația de putere nominală | B7: n_P | C7: 5500 | D7: 5500 | E7: 4000 | F7: rot/min | G7: n_P
A8: Numărul de cilindri | B8: i | C8: 4 | D8: 4 | E8: 4 | F8: – | G8: i_cil
A9: Numărul de timpi | B9: τ | C9: 4 | D9: 4 | E9: 4 | F9: – | G9: tau
A10: Fracția masică de carbon | B10: c | C10: 0.855 | D10: 0.855 | E10: 0.857 | F10: – | G10: c_f
A11: Fracția masică de hidrogen | B11: h | C11: 0.145 | D11: 0.145 | E11: 0.133 | F11: – | G11: h_f
A12: Fracția masică de oxigen | B12: o | C12: 0 | D12: 0 | E12: 0.01 | F12: – | G12: o_f
A13: Puterea calorifică inferioară | B13: Q_i | C13: 43500 | D13: 43500 | E13: 42500 | F13: kJ/kg | G13: Q_i
A14: Masa molară a combustibilului (vapori, numai MAS) | B14: M_c | C14: 114 | D14: 114 | E14: 0 | F14: kg/kmol | G14: M_c
A15: Presiunea de admisie în motor (p_0 sau p_s) | B15: p_s | C15: 0.1 | D15: 0.1 | E15: 0.2 | F15: MPa | G15: p_s
A16: Temperatura de admisie în motor (T_0 sau T_s) | B16: T_s | C16: 298 | D16: 298 | E16: 320 | F16: K | G16: T_s
A17: Coeficientul de scădere a presiunii la admisie | B17: ξ_a | C17: 0.86 | D17: 0.86 | E17: 0.94 | F17: – | G17: xi_a
... A36: Constanta universală a gazelor | B36: R | C36: 8.314 | D36: 8.314 | E36: 8.314 | F36: kJ/(kmol·K) | G36: R_u
A38: Surse: valorile exemplelor sunt cele din îndrumar; la tema proprie se folosesc datele temei și valorile alese din Tabelul 1.1.

Sheet Admisie
A1: Admisie
A3: Nr. | B3: Mărime | C3: Simbol | D3: Relație | E3: Valoare | F3: Unitate
A4: Aerul necesar și produsele arderii (1 kg combustibil)
A5: 1 | B5: Oxigenul teoretic | C5: O_t | D5: c/12 + h/4 − o/32 | E5: =c_f/12+h_f/4-o_f/32 -> 0.1075 | F5: kmol/kg
A6: 2 | B6: Aerul teoretic | C6: L_t | D6: O_t/0,21 | E6: =O_t/0.21 -> 0.51190476 | F6: kmol/kg
A7: 3 | B7: Aerul real | C7: L | D7: α·L_t | E7: =alfa*L_t -> 0.51190476 | F7: kmol/kg
A8: 4 | B8: Încărcătura proaspătă | C8: M_1 | D8: L (+ 1/M_c la MAS) | E8: =L_a+IF(tip="MAS",1/M_c,0) -> 0.52067669 | F8: kmol/kg
A9: 5 | B9: CO₂ din ardere | C9: ν_CO2 | D9: c/12 | E9: =c_f/12 -> 0.07125 | F9: kmol/kg
A10: 6 | B10: H₂O din ardere | C10: ν_H2O | D10: h/2 | E10: =h_f/2 -> 0.0725 | F10: kmol/kg
A11: 7 | B11: O₂ rămas | C11: ν_O2 | D11: 0,21·(α−1)·L_t | E11: =0.21*(alfa-1)*L_t -> 0 | F11: kmol/kg
A12: 8 | B12: N₂ | C12: ν_N2 | D12: 0,79·L | E12: =0.79*L_a -> 0.40440476 | F12: kmol/kg
A13: 9 | B13: Produsele arderii | C13: M_2 | D13: Σ ν_j | E13: =g_CO2+g_H2O+g_O2+g_N2 -> 0.54815476 | F13: kmol/kg
A14: 10 | B14: Coeficientul chimic de variație | C14: μ_0 | D14: M_2/M_1 | E14: =M_2/M_1 -> 1.0527738 | F14: –
A15: Gazele arse reziduale
A16: 11 | B16: Gaze reziduale | C16: M_r | D16: γ_r·M_1 | E16: =g_r*M_1 -> 0.031240602 | F16: kmol/kg
A17: 12 | B17: CO₂ rezidual | C17: ν_rCO2 | D17: M_r·ν_CO2/M_2 | E17: =M_r*g_CO2/M_2 -> 0.0040607015 | F17: kmol/kg
A18: 13 | B18: H₂O rezidual | C18: ν_rH2O | D18: M_r·ν_H2O/M_2 | E18: =M_r*g_H2O/M_2 -> 0.0041319419 | F18: kmol/kg
A19: 14 | B19: O₂ rezidual | C19: ν_rO2 | D19: M_r·ν_O2/M_2 | E19: =M_r*g_O2/M_2 -> 0 | F19: kmol/kg
A20: 15 | B20: N₂ rezidual | C20: ν_rN2 | D20: M_r·ν_N2/M_2 | E20: =M_r*g_N2/M_2 -> 0.023047958 | F20: kmol/kg
A21: Compoziția amestecului la sfârșitul admisiei (vaporii de benzină socotiți ca aer)
A22: 16 | B22: CO₂ | C22: ν_aCO2 | D22: ν_rCO2 | E22: =r_CO2 -> 0.0040607015 | F22: kmol/kg
A23: 17 | B23: H₂O | C23: ν_aH2O | D23: ν_rH2O | E23: =r_H2O -> 0.0041319419 | F23: kmol/kg
A24: 18 | B24: O₂ | C24: ν_aO2 | D24: 0,21·M_1 + ν_rO2 | E24: =0.21*M_1+r_O2 -> 0.10934211 | F24: kmol/kg
A25: 19 | B25: N₂ | C25: ν_aN2 | D25: 0,79·M_1 + ν_rN2 | E25: =0.79*M_1+r_N2 -> 0.43438254 | F25: kmol/kg
A26: 20 | B26: Total | C26: M_a | D26: M_1 + M_r | E26: =M_1+M_r -> 0.55191729 | F26: kmol/kg
A27: Temperatura, presiunea și coeficientul de umplere
A28: 21 | B28: Temperatura încărcăturii la intrare | C28: T_s+ΔT | D28: T_s + ΔT | E28: =T_s+dT -> 310 | F28: K
A29: 22 | B29: Temperatura la sfârșitul admisiei | C29: T_a | D29: (T_s+ΔT+γ_r·T_r)/(1+γ_r) | E29: =(T_in+g_r*T_r)/(1+g_r) -> 351.32075 | F29: K
A30: 23 | B30: Entalpia încărcăturii (bilanț) | C30: I_a | D30: M_1·i_aer(T_s+ΔT) + Σ ν_rj·i_j(T_r) | E30: =M_1*(0.21*(INDEX(Tabele!$H$5:$H$71,MATCH(T_in,Tabele!$A$5:$A$71,1))+(T_in-INDEX(Tabele!$A$5:$A$71,MATCH(T_in,Tabele!$A$5:$A$71,1)))*(INDEX(Tabele!$H$5:$H$71,MATCH(T_in,Tabele!$A$5:$A$71,1)+1)-INDEX(Tabele!$H$5:$H$71,MATCH(T_in,Tabele!$A$5:$A$71,1)))/50)+0.79*(INDEX(Tabele!$I$5:$I$71,MATCH(T_in,Tabele!$A$5:$A$71,1))+(T_in-INDEX(Tabele!$A$5:$A$71,MATCH(T_in,Tabele!$A$5:$A$71,1)))*(INDEX(Tabele!$I$5:$I$71,MATCH(T_in,Tabele!$A$5:$A$71,1)+1)-INDEX(Tabele!$I$5:$I$71,MATCH(T_in,Tabele!$A$5:$A$71,1)))/50))+r_CO2*(INDEX(Tabele!$F$5:$F$71,MATCH(T_r,Tabele!$A$5:$A$71,1))+(T_r-INDEX(Tabele!$A$5:$A$71,MATCH(T_r,Tabele!$A$5:$A$71,1)))*(INDEX(Tabele!$F$5:$F$71,MATCH(T_r,Tabele!$A$5:$A$71,1)+1)-INDEX(Tabele!$F$5:$F$71,MATCH(T_r,Tabele!$A$5:$A$71,1)))/50)+r_H2O*(INDEX(Tabele!$G$5:$G$71,MATCH(T_r,Tabele!$A$5:$A$71,1))+(T_r-INDEX(Tabele!$A$5:$A$71,MATCH(T_r,Tabele!$A$5:$A$71,1)))*(INDEX(Tabele!$G$5:$G$71,MATCH(T_r,Tabele!$A$5:$A$71,1)+1)-INDEX(Tabele!$G$5:$G$71,MATCH(T_r,Tabele!$A$5:$A$71,1)))/50)+r_O2*(INDEX(Tabele!$H$5:$H$71,MATCH(T_r,Tabele!$A$5:$A$71,1))+(T_r-INDEX(Tabele!$A$5:$A$71,MATCH(T_r,Tabele!$A$5:$A$71,1)))*(INDEX(Tabele!$H$5:$H$71,MATCH(T_r,Tabele!$A$5:$A$71,1)+1)-INDEX(Tabele!$H$5:$H$71,MATCH(T_r,Tabele!$A$5:$A$71,1)))/50)+r_N2*(INDEX(Tabele!$I$5:$I$71,MATCH(T_r,Tabele!$A$5:$A$71,1))+(T_r-INDEX(Tabele!$A$5:$A$71,MATCH(T_r,Tabele!$A$5:$A$71,1)))*(INDEX(Tabele!$I$5:$I$71,MATCH(T_r,Tabele!$A$5:$A$71,1)+1)-INDEX(Tabele!$I$5:$I$71,MATCH(T_r,Tabele!$A$5:$A$71,1)))/50) -> 5758.6071 | F30: kJ
A31: 24 | B31: Temperatura din bilanțul entalpiilor | C31: T_a′ | D31: interpolare în Amestecuri (I_a) | E31: =Amestecuri!C3 -> 357.69387 | F31: K
A32: 25 | B32: Abaterea T_a | C32: ΔT_a | D32: |T_a′−T_a|/T_a·100 (< 2 %) | E32: =ABS(T_a_h-T_a)/T_a*100 -> 1.8140442 | F32: %
A33: 26 | B33: Presiunea la sfârșitul admisiei | C33: p_a | D33: ξ_a·p_s | E33: =xi_a*p_s -> 0.086 | F33: MPa
A34: 27 | B34: Coeficientul de umplere | C34: η_v | D34: ε/(ε−1)·p_a/p_s·T_s/(T_a·(1+γ_r)) | E34: =eps/(eps-1)*p_a/p_s*T_s/(T_a*(1+g_r)) -> 0.76914766 | F34: –

Sheet Comprimare
A1: Comprimare
A3: Nr. | B3: Mărime | C3: Simbol | D3: Relație | E3: Valoare | F3: Unitate
A4: Căldura specifică molară medie a amestecului: C_v = a + b·T (regresie 300…1000 K, foaia Amestecuri)
A5: 1 | B5: Coeficientul a | C5: a | D5: INTERCEPT(cv_a; T), 300…1000 K | E5: =INTERCEPT(Amestecuri!H7:H21,Amestecuri!A7:A21) -> 20.055204 | F5: kJ/(kmol·K)
A6: 2 | B6: Coeficientul b | C6: b | D6: SLOPE(cv_a; T), 300…1000 K | E6: =SLOPE(Amestecuri!H7:H21,Amestecuri!A7:A21) -> 0.0020310434 | F6: kJ/(kmol·K²)
A7: Exponentul politropic: n₁ = 1 + R/(a + b·T_a·(ε^(n₁−1)+1)) – iterații de punct fix
A8: 3 | B8: Valoare inițială | C8: n₁⁽⁰⁾ | D8: 1,37 | E8: =1.37 -> 1.37 | F8: –
A9: 4 | B9: Iterația 1 | C9: n₁⁽1⁾ | D9: 1 + R/(a + b·T_a·(ε^(n−1)+1)) | E9: =1+R_u/(a_1+b_1*T_a*(eps^(n1_0-1)+1)) -> 1.3709947 | F9: –
A10: 5 | B10: Iterația 2 | C10: n₁⁽2⁾ | D10: 1 + R/(a + b·T_a·(ε^(n−1)+1)) | E10: =1+R_u/(a_1+b_1*T_a*(eps^(n1_1-1)+1)) -> 1.3709338 | F10: –
A11: 6 | B11: Iterația 3 | C11: n₁⁽3⁾ | D11: 1 + R/(a + b·T_a·(ε^(n−1)+1)) | E11: =1+R_u/(a_1+b_1*T_a*(eps^(n1_2-1)+1)) -> 1.3709375 | F11: –
A12: 7 | B12: Iterația 4 | C12: n₁⁽4⁾ | D12: 1 + R/(a + b·T_a·(ε^(n−1)+1)) | E12: =1+R_u/(a_1+b_1*T_a*(eps^(n1_3-1)+1)) -> 1.3709373 | F12: –
A13: 8 | B13: Iterația 5 | C13: n₁⁽5⁾ | D13: 1 + R/(a + b·T_a·(ε^(n−1)+1)) | E13: =1+R_u/(a_1+b_1*T_a*(eps^(n1_4-1)+1)) -> 1.3709373 | F13: –
A14: 9 | B14: Iterația 6 | C14: n₁⁽6⁾ | D14: 1 + R/(a + b·T_a·(ε^(n−1)+1)) | E14: =1+R_u/(a_1+b_1*T_a*(eps^(n1_5-1)+1)) -> 1.3709373 | F14: –
A15: 10 | B15: Iterația 7 | C15: n₁⁽7⁾ | D15: 1 + R/(a + b·T_a·(ε^(n−1)+1)) | E15: =1+R_u/(a_1+b_1*T_a*(eps^(n1_6-1)+1)) -> 1.3709373 | F15: –
A16: 11 | B16: Iterația 8 | C16: n₁⁽8⁾ | D16: 1 + R/(a + b·T_a·(ε^(n−1)+1)) | E16: =1+R_u/(a_1+b_1*T_a*(eps^(n1_7-1)+1)) -> 1.3709373 | F16: –
A17: 12 | B17: Exponentul politropic al comprimării | C17: n₁ | D17: n₁⁽⁸⁾ | E17: =n1_8 -> 1.3709373 | F17: –
A18: 13 | B18: Verificare: diferența membrilor | C18: Δ | D18: R/(n₁−1) − a − b·T_a·(ε^(n₁−1)+1) | E18: =R_u/(n_1-1)-a_1-b_1*T_a*(eps^(n_1-1)+1) -> 1.1949997e-11 | F18: kJ/(kmol·K)
A19: Sfârșitul comprimării
A20: 14 | B20: Presiunea | C20: p_c | D20: p_a·ε^n₁ | E20: =p_a*eps^n_1 -> 1.883199 | F20: MPa
A21: 15 | B21: Temperatura | C21: T_c | D21: T_a·ε^(n₁−1) | E21: =T_a*eps^(n_1-1) -> 809.80035 | F21: K
A22: 16 | B22: Energia internă a amestecului | C22: U_c | D22: Σ ν_aj·u_j(T_c) | E22: =a_CO2*(INDEX(Tabele!$B$5:$B$71,MATCH(T_c,Tabele!$A$5:$A$71,1))+(T_c-INDEX(Tabele!$A$5:$A$71,MATCH(T_c,Tabele!$A$5:$A$71,1)))*(INDEX(Tabele!$B$5:$B$71,MATCH(T_c,Tabele!$A$5:$A$71,1)+1)-INDEX(Tabele!$B$5:$B$71,MATCH(T_c,Tabele!$A$5:$A$71,1)))/50)+a_H2O*(INDEX(Tabele!$C$5:$C$71,MATCH(T_c,Tabele!$A$5:$A$71,1))+(T_c-INDEX(Tabele!$A$5:$A$71,MATCH(T_c,Tabele!$A$5:$A$71,1)))*(INDEX(Tabele!$C$5:$C$71,MATCH(T_c,Tabele!$A$5:$A$71,1)+1)-INDEX(Tabele!$C$5:$C$71,MATCH(T_c,Tabele!$A$5:$A$71,1)))/50)+a_O2*(INDEX(Tabele!$D$5:$D$71,MATCH(T_c,Tabele!$A$5:$A$71,1))+(T_c-INDEX(Tabele!$A$5:$A$71,MATCH(T_c,Tabele!$A$5:$A$71,1)))*(INDEX(Tabele!$D$5:$D$71,MATCH(T_c,Tabele!$A$5:$A$71,1)+1)-INDEX(Tabele!$D$5:$D$71,MATCH(T_c,Tabele!$A$5:$A$71,1)))/50)+a_N2*(INDEX(Tabele!$E$5:$E$71,MATCH(T_c,Tabele!$A$5:$A$71,1))+(T_c-INDEX(Tabele!$A$5:$A$71,MATCH(T_c,Tabele!$A$5:$A$71,1)))*(INDEX(Tabele!$E$5:$E$71,MATCH(T_c,Tabele!$A$5:$A$71,1)+1)-INDEX(Tabele!$E$5:$E$71,MATCH(T_c,Tabele!$A$5:$A$71,1)))/50) -> 9687.162 | F22: kJ

Sheet Ardere
A1: Ardere
A3: Nr. | B3: Mărime | C3: Simbol | D3: Relație | E3: Valoare | F3: Unitate
A4: MAC: întârzierea la autoaprindere și fracțiunea arsă izocor (la MAS g_v = 1)
A5: 1 | B5: Volumul la începutul injecției, raportat la V_c | C5: V_inj/V_c | D5: 1+(ε−1)/2·[(1−cos β)+λ/4·(1−cos 2β)] | E5: =(1+(eps-1)/2*((1-COS(RADIANS(beta)))+lam/4*(1-COS(RADIANS(2*beta))))) -> 1.718142 | F5: –
A6: 2 | B6: Presiunea la începutul injecției | C6: p_inj | D6: p_a·(ε/(V_inj/V_c))^n₁ | E6: =p_a*(eps/v_inj)^n_1 -> 0.89669546 | F6: MPa
A7: 3 | B7: Temperatura la începutul injecției | C7: T_inj | D7: T_a·(ε/(V_inj/V_c))^(n₁−1) | E7: =T_a*(eps/v_inj)^(n_1-1) -> 662.49985 | F7: K
A8: 4 | B8: Întârzierea la autoaprindere (Wolfer) | C8: τ_aa | D8: 0,44·p^−1,19·e^(4650/T), p în bar | E8: =0.44*(p_inj*10)^(-1.19)*EXP(4650/T_inj) -> 36.146101 | F8: ms
A9: 5 | B9: Unghiul de întârziere | C9: θ_aa | D9: 6·n·τ_aa·10⁻³ | E9: =6*n_P*tau_aa/1000 -> 1192.8213 | F9: °RAC
A10: 6 | B10: Fracțiunea arsă izocor | C10: g_v | D10: MAS: 1; MAC: min(θ_aa/θ_inj; 1) | E10: =IF(tip="MAS",1,MIN(th_aa/th_inj,1)) -> 1 | F10: –
A11: 7 | B11: Fracțiunea arsă izobar | C11: g_p | D11: 1 − g_v | E11: =1-g_v -> 0 | F11: –
A12: Compoziția după arderea izocoră (punctul y)
A13: 8 | B13: CO₂ | C13: ν_yCO2 | D13: g_v·c/12 + ν_rCO2 | E13: =g_v*c_f/12+r_CO2 -> 0.075310701 | F13: kmol/kg
A14: 9 | B14: H₂O | C14: ν_yH2O | D14: g_v·h/2 + ν_rH2O | E14: =g_v*h_f/2+r_H2O -> 0.076631942 | F14: kmol/kg
A15: 10 | B15: O₂ | C15: ν_yO2 | D15: 0,21·L − g_v·O_t + ν_rO2 | E15: =0.21*L_a-g_v*O_t+r_O2 -> 0 | F15: kmol/kg
A16: 11 | B16: N₂ | C16: ν_yN2 | D16: 0,79·L + ν_rN2 | E16: =0.79*L_a+r_N2 -> 0.42745272 | F16: kmol/kg
A17: 12 | B17: Total | C17: M_y | D17: Σ ν_yj | E17: =y_CO2+y_H2O+y_O2+y_N2 -> 0.57939536 | F17: kmol/kg
A18: Compoziția la sfârșitul arderii (punctul z = produse + reziduale)
A19: 13 | B19: CO₂ | C19: ν_zCO2 | D19: ν_CO2 + ν_rCO2 | E19: =g_CO2+r_CO2 -> 0.075310701 | F19: kmol/kg
A20: 14 | B20: H₂O | C20: ν_zH2O | D20: ν_H2O + ν_rH2O | E20: =g_H2O+r_H2O -> 0.076631942 | F20: kmol/kg
A21: 15 | B21: O₂ | C21: ν_zO2 | D21: ν_O2 + ν_rO2 | E21: =g_O2+r_O2 -> 0 | F21: kmol/kg
A22: 16 | B22: N₂ | C22: ν_zN2 | D22: ν_N2 + ν_rN2 | E22: =g_N2+r_N2 -> 0.42745272 | F22: kmol/kg
A23: 17 | B23: Total | C23: M_z | D23: M_2 + M_r | E23: =z_CO2+z_H2O+z_O2+z_N2 -> 0.57939536 | F23: kmol/kg
A24: 18 | B24: Coeficientul real de variație | C24: μ | D24: M_z/(M_1+M_r) | E24: =M_z/M_a -> 1.0497866 | F24: –
A25: Arderea izocoră (MAS: toată arderea)
A26: 19 | B26: Energia internă în y | C26: U_y | D26: U_c + g_v·ξ_v·Q_i | E26: =U_c+g_v*xi_v*Q_i -> 47967.162 | F26: kJ
A27: 20 | B27: Temperatura în y | C27: T_y | D27: interpolare inversă (Amestecuri) | E27: =Amestecuri!E3 -> 2815.833 | F27: K
A28: 21 | B28: Presiunea în y | C28: p_y | D28: p_c·M_y/(M_1+M_r)·T_y/T_c | E28: =p_c*M_y/M_a*T_y/T_c -> 6.8742631 | F28: MPa
A29: 22 | B29: Raportul de creștere a presiunii | C29: λ_p | D29: p_y/p_c | E29: =p_y/p_c -> 3.6503117 | F29: –
A30: Arderea izobară (numai MAC; la MAS g_p = 0 și T_z = T_y)
A31: 23 | B31: Entalpia în y | C31: I_y | D31: Σ ν_yj·i_j(T_y) | E31: =y_CO2*(INDEX(Tabele!$F$5:$F$71,MATCH(T_y,Tabele!$A$5:$A$71,1))+(T_y-INDEX(Tabele!$A$5:$A$71,MATCH(T_y,Tabele!$A$5:$A$71,1)))*(INDEX(Tabele!$F$5:$F$71,MATCH(T_y,Tabele!$A$5:$A$71,1)+1)-INDEX(Tabele!$F$5:$F$71,MATCH(T_y,Tabele!$A$5:$A$71,1)))/50)+y_H2O*(INDEX(Tabele!$G$5:$G$71,MATCH(T_y,Tabele!$A$5:$A$71,1))+(T_y-INDEX(Tabele!$A$5:$A$71,MATCH(T_y,Tabele!$A$5:$A$71,1)))*(INDEX(Tabele!$G$5:$G$71,MATCH(T_y,Tabele!$A$5:$A$71,1)+1)-INDEX(Tabele!$G$5:$G$71,MATCH(T_y,Tabele!$A$5:$A$71,1)))/50)+y_O2*(INDEX(Tabele!$H$5:$H$71,MATCH(T_y,Tabele!$A$5:$A$71,1))+(T_y-INDEX(Tabele!$A$5:$A$71,MATCH(T_y,Tabele!$A$5:$A$71,1)))*(INDEX(Tabele!$H$5:$H$71,MATCH(T_y,Tabele!$A$5:$A$71,1)+1)-INDEX(Tabele!$H$5:$H$71,MATCH(T_y,Tabele!$A$5:$A$71,1)))/50)+y_N2*(INDEX(Tabele!$I$5:$I$71,MATCH(T_y,Tabele!$A$5:$A$71,1))+(T_y-INDEX(Tabele!$A$5:$A$71,MATCH(T_y,Tabele!$A$5:$A$71,1)))*(INDEX(Tabele!$I$5:$I$71,MATCH(T_y,Tabele!$A$5:$A$71,1)+1)-INDEX(Tabele!$I$5:$I$71,MATCH(T_y,Tabele!$A$5:$A$71,1)))/50) -> 61532.015 | F31: kJ
A32: 24 | B32: Entalpia în z | C32: I_z | D32: I_y + g_p·ξ_p·Q_i | E32: =I_y+g_p*xi_p*Q_i -> 61532.015 | F32: kJ
A33: 25 | B33: Temperatura maximă a ciclului | C33: T_z | D33: MAS: T_y; MAC: interpolare inversă (Amestecuri) | E33: =IF(tip="MAS",T_y,Amestecuri!G3) -> 2815.833 | F33: K
A34: 26 | B34: Presiunea maximă a ciclului de calcul | C34: p_z | D34: p_z = p_y | E34: =p_y -> 6.8742631 | F34: MPa
A35: 27 | B35: Raportul de destindere prealabilă | C35: ρ | D35: M_z·T_z/(M_y·T_y) | E35: =M_z*T_z/(M_y*T_y) -> 1 | F35: –
A36: 28 | B36: Presiunea maximă estimată a diagramei rotunjite | C36: p_max | D36: MAS: 0,85·p_z; MAC: p_z | E36: =IF(tip="MAS",0.85*p_z,p_z) -> 5.8431237 | F36: MPa

Sheet Destindere
A1: Destindere
A3: Nr. | B3: Mărime | C3: Simbol | D3: Relație | E3: Valoare | F3: Unitate
A4: Căldura specifică medie a produselor: C_v = a′ + b′·T (regresie 900…2800 K)
A5: 1 | B5: Coeficientul a′ | C5: a′ | D5: INTERCEPT(cv_z; T) | E5: =INTERCEPT(Amestecuri!I19:I57,Amestecuri!A19:A57) -> 21.613647 | F5: kJ/(kmol·K)
A6: 2 | B6: Coeficientul b′ | C6: b′ | D6: SLOPE(cv_z; T) | E6: =SLOPE(Amestecuri!I19:I57,Amestecuri!A19:A57) -> 0.0029064543 | F6: kJ/(kmol·K²)
A7: 3 | B7: Raportul de destindere | C7: δ | D7: ε/ρ | E7: =eps/rho -> 9.5 | F7: –
A8: Exponentul politropic: n₂ = 1 + R/(a′ + b′·T_z·(1 + δ^(1−n₂))) – iterații de punct fix
A9: 4 | B9: Valoare inițială | C9: n₂⁽⁰⁾ | D9: 1,26 | E9: =1.26 -> 1.26 | F9: –
A10: 5 | B10: Iterația 1 | C10: n₂⁽1⁾ | D10: 1 + R/(a′ + b′·T_z·(1+δ^(1−n))) | E10: =1+R_u/(a_2+b_2*T_z*(1+delta^(1-n2_0))) -> 1.2419983 | F10: –
A11: 6 | B11: Iterația 2 | C11: n₂⁽2⁾ | D11: 1 + R/(a′ + b′·T_z·(1+δ^(1−n))) | E11: =1+R_u/(a_2+b_2*T_z*(1+delta^(1-n2_1))) -> 1.2406777 | F11: –
A12: 7 | B12: Iterația 3 | C12: n₂⁽3⁾ | D12: 1 + R/(a′ + b′·T_z·(1+δ^(1−n))) | E12: =1+R_u/(a_2+b_2*T_z*(1+delta^(1-n2_2))) -> 1.2405793 | F12: –
A13: 8 | B13: Iterația 4 | C13: n₂⁽4⁾ | D13: 1 + R/(a′ + b′·T_z·(1+δ^(1−n))) | E13: =1+R_u/(a_2+b_2*T_z*(1+delta^(1-n2_3))) -> 1.2405719 | F13: –
A14: 9 | B14: Iterația 5 | C14: n₂⁽5⁾ | D14: 1 + R/(a′ + b′·T_z·(1+δ^(1−n))) | E14: =1+R_u/(a_2+b_2*T_z*(1+delta^(1-n2_4))) -> 1.2405714 | F14: –
A15: 10 | B15: Iterația 6 | C15: n₂⁽6⁾ | D15: 1 + R/(a′ + b′·T_z·(1+δ^(1−n))) | E15: =1+R_u/(a_2+b_2*T_z*(1+delta^(1-n2_5))) -> 1.2405714 | F15: –
A16: 11 | B16: Iterația 7 | C16: n₂⁽7⁾ | D16: 1 + R/(a′ + b′·T_z·(1+δ^(1−n))) | E16: =1+R_u/(a_2+b_2*T_z*(1+delta^(1-n2_6))) -> 1.2405714 | F16: –
A17: 12 | B17: Iterația 8 | C17: n₂⁽8⁾ | D17: 1 + R/(a′ + b′·T_z·(1+δ^(1−n))) | E17: =1+R_u/(a_2+b_2*T_z*(1+delta^(1-n2_7))) -> 1.2405714 | F17: –
A18: 13 | B18: Exponentul politropic al destinderii | C18: n₂ | D18: n₂⁽⁸⁾ | E18: =n2_8 -> 1.2405714 | F18: –
A19: 14 | B19: Presiunea la sfârșitul destinderii | C19: p_b | D19: p_z/δ^n₂ | E19: =p_z/delta^n_2 -> 0.42100791 | F19: MPa
A20: 15 | B20: Temperatura la sfârșitul destinderii | C20: T_b | D20: T_z/δ^(n₂−1) | E20: =T_z/delta^(n_2-1) -> 1638.3044 | F20: K
A21: 16 | B21: Temperatura gazelor reziduale (verificare) | C21: T_r′ | D21: T_b/(p_b/p_r)^(1/3) | E21: =T_b/(p_b/p_r)^(1/3) -> 1047.3586 | F21: K
A22: 17 | B22: Abaterea T_r | C22: ΔT_r | D22: |T_r′−T_r|/T_r·100 (≤ 5 %) | E22: =ABS(T_r_c-T_r)/T_r*100 -> 0.70755902 | F22: %

Sheet Performante
A1: Performante
A3: Nr. | B3: Mărime | C3: Simbol | D3: Relație | E3: Valoare | F3: Unitate
A4: Parametri indicați
A5: 1 | B5: Presiunea medie indicată a ciclului de calcul | C5: p_it | D5: p_c/(ε−1)·[λ_p(ρ−1)+λ_pρ/(n₂−1)(1−δ^(1−n₂))−1/(n₁−1)(1−ε^(1−n₁))] | E5: =p_c/(eps-1)*(lam_p*(rho-1)+lam_p*rho/(n_2-1)*(1-delta^(1-n_2))-1/(n_1-1)*(1-eps^(1-n_1))) -> 1.0676567 | F5: MPa
A6: 2 | B6: Presiunea medie indicată | C6: p_i | D6: φ_r·p_it − (p_r − p_a) | E6: =phi_r*p_it-(p_r-p_a) -> 1.0009504 | F6: MPa
A7: 3 | B7: Randamentul indicat | C7: η_i | D7: R·M_1·T_s·p_i/(p_s·η_v·Q_i) | E7: =R_u*M_1*T_s*p_i/(p_s*eta_v*Q_i) -> 0.38592953 | F7: –
A8: 4 | B8: Consumul specific indicat | C8: c_i | D8: 3,6·10⁶/(η_i·Q_i) | E8: =3600000/(eta_i*Q_i) -> 214.43972 | F8: g/kWh
A9: Parametri efectivi
A10: 5 | B10: Presiunea medie efectivă | C10: p_e | D10: η_m·p_i | E10: =eta_m*p_i -> 0.84079836 | F10: MPa
A11: 6 | B11: Randamentul efectiv | C11: η_e | D11: η_m·η_i | E11: =eta_m*eta_i -> 0.32418081 | F11: –
A12: 7 | B12: Consumul specific efectiv | C12: c_e | D12: c_i/η_m | E12: =c_i/eta_m -> 255.28538 | F12: g/kWh
A13: 8 | B13: Consumul orar | C13: C_h | D13: c_e·P_e/1000 | E13: =c_e*P_nom/1000 -> 14.040696 | F13: kg/h
A14: 9 | B14: Puterea indicată | C14: P_i | D14: P_e/η_m | E14: =P_nom/eta_m -> 65.47619 | F14: kW
A15: 10 | B15: Cuplul la puterea nominală | C15: M_P | D15: 9549·P_e/n_P | E15: =9549.3*P_nom/n_P -> 95.493 | F15: N·m
A16: Parametri constructivi
A17: 11 | B17: Cilindreea unitară | C17: V_h | D17: 30·τ·P_e/(p_e·n·i) | E17: =30*tau*P_nom/(p_e*n_P*i_cil) -> 0.35680374 | F17: dm³
A18: 12 | B18: Alezajul | C18: D | D18: (4·V_h·10⁶/(π·ψ))^(1/3) | E18: =(4*V_h*1000000/(PI()*psi))^(1/3) -> 80.220546 | F18: mm
A19: 13 | B19: Cursa | C19: S | D19: ψ·D | E19: =psi*D_cil -> 70.594081 | F19: mm
A20: 14 | B20: Raza manivelei | C20: R | D20: S/2 | E20: =S_cil/2 -> 35.29704 | F20: mm
A21: 15 | B21: Lungimea bielei | C21: L_b | D21: R/λ | E21: =R_man/lam -> 126.06086 | F21: mm
A22: 16 | B22: Cilindreea totală | C22: V_t | D22: i·V_h | E22: =i_cil*V_h -> 1.427215 | F22: dm³
A23: 17 | B23: Viteza medie a pistonului | C23: W_m | D23: S·n/30000 | E23: =S_cil*n_P/30000 -> 12.942248 | F23: m/s
A24: 18 | B24: Puterea litrică | C24: P_l | D24: P_e/V_t | E24: =P_nom/V_t -> 38.536591 | F24: kW/dm³
A25: Recalcul cu dimensiunile rotunjite (se completează D și S rotunjite)
A26: 19 | B26: Alezaj rotunjit | C26: D_r | D26: valoare aleasă | E26: =ROUND(D_cil*2,0)/2 -> 80 | F26: mm
A27: 20 | B27: Cursă rotunjită | C27: S_r | D27: valoare aleasă | E27: =ROUND(S_cil*2,0)/2 -> 70.5 | F27: mm
A28: 21 | B28: Puterea recalculată | C28: P_e′ | D28: p_e·(π·D²/4)·S·i·n/(30·τ·10⁶) | E28: =p_e*PI()*D_r^2/4*S_r*i_cil*n_P/(30*tau)/1000000 -> 54.625102 | F28: kW
A29: 22 | B29: Abaterea puterii | C29: ΔP_e | D29: |P_e′−P_e|/P_e·100 (≤ 5 %) | E29: =ABS(P_e_r-P_nom)/P_nom*100 -> 0.68163229 | F29: %

Sheet Diagrama
A1: Diagrama indicată a ciclului de calcul (volume în cm³, presiuni în MPa)
A2: V_c = | B2: =V_h*1000/(eps-1) -> 41.976911 | C2: V_a = | D2: =V_h*1000+B2 -> 398.78065 | E2: V_z = | F2: =rho*B2 -> 41.976911
A4: α [°RAC] | B4: V [cm³] | C4: p ciclu de calcul [MPa] | D4: Proces
A5: 0 | B5: =V_c+V_h*1000/2*((1-COS(RADIANS(A5)))+lam/4*(1-COS(RADIANS(2*A5)))) -> 41.976911 | C5: =IF(A5<=180,p_a,IF(A5<360,p_a*(V_a/B5)^n_1,IF(A5<=540,IF(AND(B5<=V_z,A5<400),p_z,p_z*(V_z/B5)^n_2),p_r))) -> 0.086 | D5: =IF(A5<=180,"admisie",IF(A5<360,"comprimare",IF(A5<=540,"ardere-destindere","evacuare"))) -> admisie
A6: 5 | B6: =V_c+V_h*1000/2*((1-COS(RADIANS(A6)))+lam/4*(1-COS(RADIANS(2*A6)))) -> 42.845506 | C6: =IF(A6<=180,p_a,IF(A6<360,p_a*(V_a/B6)^n_1,IF(A6<=540,IF(AND(B6<=V_z,A6<400),p_z,p_z*(V_z/B6)^n_2),p_r))) -> 0.086 | D6: =IF(A6<=180,"admisie",IF(A6<360,"comprimare",IF(A6<=540,"ardere-destindere","evacuare"))) -> admisie
A7: 10 | B7: =V_c+V_h*1000/2*((1-COS(RADIANS(A7)))+lam/4*(1-COS(RADIANS(2*A7)))) -> 45.440362 | C7: =IF(A7<=180,p_a,IF(A7<360,p_a*(V_a/B7)^n_1,IF(A7<=540,IF(AND(B7<=V_z,A7<400),p_z,p_z*(V_z/B7)^n_2),p_r))) -> 0.086 | D7: =IF(A7<=180,"admisie",IF(A7<360,"comprimare",IF(A7<=540,"ardere-destindere","evacuare"))) -> admisie
A8: 15 | B8: =V_c+V_h*1000/2*((1-COS(RADIANS(A8)))+lam/4*(1-COS(RADIANS(2*A8)))) -> 49.728899 | C8: =IF(A8<=180,p_a,IF(A8<360,p_a*(V_a/B8)^n_1,IF(A8<=540,IF(AND(B8<=V_z,A8<400),p_z,p_z*(V_z/B8)^n_2),p_r))) -> 0.086 | D8: =IF(A8<=180,"admisie",IF(A8<360,"comprimare",IF(A8<=540,"ardere-destindere","evacuare"))) -> admisie
A9: 20 | B9: =V_c+V_h*1000/2*((1-COS(RADIANS(A9)))+lam/4*(1-COS(RADIANS(2*A9)))) -> 55.657528 | C9: =IF(A9<=180,p_a,IF(A9<360,p_a*(V_a/B9)^n_1,IF(A9<=540,IF(AND(B9<=V_z,A9<400),p_z,p_z*(V_z/B9)^n_2),p_r))) -> 0.086 | D9: =IF(A9<=180,"admisie",IF(A9<360,"comprimare",IF(A9<=540,"ardere-destindere","evacuare"))) -> admisie
A10: 25 | B10: =V_c+V_h*1000/2*((1-COS(RADIANS(A10)))+lam/4*(1-COS(RADIANS(2*A10)))) -> 63.152692 | C10: =IF(A10<=180,p_a,IF(A10<360,p_a*(V_a/B10)^n_1,IF(A10<=540,IF(AND(B10<=V_z,A10<400),p_z,p_z*(V_z/B10)^n_2),p_r))) -> 0.086 | D10: =IF(A10<=180,"admisie",IF(A10<360,"comprimare",IF(A10<=540,"ardere-destindere","evacuare"))) -> admisie
A11: 30 | B11: =V_c+V_h*1000/2*((1-COS(RADIANS(A11)))+lam/4*(1-COS(RADIANS(2*A11)))) -> 72.122295 | C11: =IF(A11<=180,p_a,IF(A11<360,p_a*(V_a/B11)^n_1,IF(A11<=540,IF(AND(B11<=V_z,A11<400),p_z,p_z*(V_z/B11)^n_2),p_r))) -> 0.086 | D11: =IF(A11<=180,"admisie",IF(A11<360,"comprimare",IF(A11<=540,"ardere-destindere","evacuare"))) -> admisie
A12: 35 | B12: =V_c+V_h*1000/2*((1-COS(RADIANS(A12)))+lam/4*(1-COS(RADIANS(2*A12)))) -> 82.457463 | C12: =IF(A12<=180,p_a,IF(A12<360,p_a*(V_a/B12)^n_1,IF(A12<=540,IF(AND(B12<=V_z,A12<400),p_z,p_z*(V_z/B12)^n_2),p_r))) -> 0.086 | D12: =IF(A12<=180,"admisie",IF(A12<360,"comprimare",IF(A12<=540,"ardere-destindere","evacuare"))) -> admisie
A13: 40 | B13: =V_c+V_h*1000/2*((1-COS(RADIANS(A13)))+lam/4*(1-COS(RADIANS(2*A13)))) -> 94.034609 | C13: =IF(A13<=180,p_a,IF(A13<360,p_a*(V_a/B13)^n_1,IF(A13<=540,IF(AND(B13<=V_z,A13<400),p_z,p_z*(V_z/B13)^n_2),p_r))) -> 0.086 | D13: =IF(A13<=180,"admisie",IF(A13<360,"comprimare",IF(A13<=540,"ardere-destindere","evacuare"))) -> admisie
A14: 45 | B14: =V_c+V_h*1000/2*((1-COS(RADIANS(A14)))+lam/4*(1-COS(RADIANS(2*A14)))) -> 106.71774 | C14: =IF(A14<=180,p_a,IF(A14<360,p_a*(V_a/B14)^n_1,IF(A14<=540,IF(AND(B14<=V_z,A14<400),p_z,p_z*(V_z/B14)^n_2),p_r))) -> 0.086 | D14: =IF(A14<=180,"admisie",IF(A14<360,"comprimare",IF(A14<=540,"ardere-destindere","evacuare"))) -> admisie
A15: 50 | B15: =V_c+V_h*1000/2*((1-COS(RADIANS(A15)))+lam/4*(1-COS(RADIANS(2*A15)))) -> 120.36094 | C15: =IF(A15<=180,p_a,IF(A15<360,p_a*(V_a/B15)^n_1,IF(A15<=540,IF(AND(B15<=V_z,A15<400),p_z,p_z*(V_z/B15)^n_2),p_r))) -> 0.086 | D15: =IF(A15<=180,"admisie",IF(A15<360,"comprimare",IF(A15<=540,"ardere-destindere","evacuare"))) -> admisie
A16: 55 | B16: =V_c+V_h*1000/2*((1-COS(RADIANS(A16)))+lam/4*(1-COS(RADIANS(2*A16)))) -> 134.811 | C16: =IF(A16<=180,p_a,IF(A16<360,p_a*(V_a/B16)^n_1,IF(A16<=540,IF(AND(B16<=V_z,A16<400),p_z,p_z*(V_z/B16)^n_2),p_r))) -> 0.086 | D16: =IF(A16<=180,"admisie",IF(A16<360,"comprimare",IF(A16<=540,"ardere-destindere","evacuare"))) -> admisie
... A149: 720 | B149: =V_c+V_h*1000/2*((1-COS(RADIANS(A149)))+lam/4*(1-COS(RADIANS(2*A149)))) -> 41.976911 | C149: =IF(A149<=180,p_a,IF(A149<360,p_a*(V_a/B149)^n_1,IF(A149<=540,IF(AND(B149<=V_z,A149<400),p_z,p_z*(V_z/B149)^n_2),p_r))) -> 0.11 | D149: =IF(A149<=180,"admisie",IF(A149<360,"comprimare",IF(A149<=540,"ardere-destindere","evacuare"))) -> evacuare

Sheet Caracteristica
A1: Caracteristica exterioară de turație (relațiile Leiderman)
A3: Coeficientul a | B3: =IF(tip="MAS",1,0.87) -> 1 | C3: MAS: a = b = c = 1, A = B = 1,2; MAC cu injecție directă: 0,87; 1,13; 1; A = B = 1,55 (cameră divizată: 0,6; 1,4; 1; 1,35)
A4: Coeficientul b | B4: =IF(tip="MAS",1,1.13) -> 1
A5: Coeficientul c | B5: =1 -> 1
A6: Coeficienții A = B (consum) | B6: =IF(tip="MAS",1.2,1.55) -> 1.2
A7: Turația minimă [rot/min] | B7: 1000
A8: Turația maximă [rot/min] | B8: =ROUND(1.1*n_P,-2) -> 6100
A9: Consumul specific la P_e [g/kWh] | B9: =c_e -> 255.28538
A11: n [rot/min] | B11: x = n/n_P | C11: P_e [kW] | D11: M_e [N·m] | E11: c_e [g/kWh] | F11: C_h [kg/h]
A12: =n_min+0*(n_max-n_min)/20 -> 1000 | B12: =A12/n_P -> 0.18181818 | C12: =P_nom*(k_a*B12+k_b*B12^2-k_c*B12^3) -> 11.487603 | D12: =9549.3*C12/A12 -> 109.69857 | E12: =c_eP*(k_cons-k_cons*B12+B12^2) -> 259.08302 | F12: =E12*C12/1000 -> 2.9762429
A13: =n_min+1*(n_max-n_min)/20 -> 1255 | B13: =A13/n_P -> 0.22818182 | C13: =P_nom*(k_a*B13+k_b*B13^2-k_c*B13^3) -> 14.760242 | D13: =9549.3*C13/A13 -> 112.31074 | E13: =c_eP*(k_cons-k_cons*B13+B13^2) -> 249.73261 | F13: =E13*C13/1000 -> 3.6861137
A14: =n_min+2*(n_max-n_min)/20 -> 1510 | B14: =A14/n_P -> 0.27454545 | C14: =P_nom*(k_a*B14+k_b*B14^2-k_c*B14^3) -> 18.107471 | D14: =9549.3*C14/A14 -> 114.51236 | E14: =c_eP*(k_cons-k_cons*B14+B14^2) -> 241.47972 | F14: =E14*C14/1000 -> 4.3725869
A15: =n_min+3*(n_max-n_min)/20 -> 1765 | B15: =A15/n_P -> 0.32090909 | C15: =P_nom*(k_a*B15+k_b*B15^2-k_c*B15^3) -> 21.496402 | D15: =9549.3*C15/A15 -> 116.30345 | E15: =c_eP*(k_cons-k_cons*B15+B15^2) -> 234.32434 | F15: =E15*C15/1000 -> 5.0371302
A16: =n_min+4*(n_max-n_min)/20 -> 2020 | B16: =A16/n_P -> 0.36727273 | C16: =P_nom*(k_a*B16+k_b*B16^2-k_c*B16^3) -> 24.894146 | D16: =9549.3*C16/A16 -> 117.68399 | E16: =c_eP*(k_cons-k_cons*B16+B16^2) -> 228.26648 | F16: =E16*C16/1000 -> 5.6824992
A17: =n_min+5*(n_max-n_min)/20 -> 2275 | B17: =A17/n_P -> 0.41363636 | C17: =P_nom*(k_a*B17+k_b*B17^2-k_c*B17^3) -> 28.267815 | D17: =9549.3*C17/A17 -> 118.654 | E17: =c_eP*(k_cons-k_cons*B17+B17^2) -> 223.30614 | F17: =E17*C17/1000 -> 6.3123767
A18: =n_min+6*(n_max-n_min)/20 -> 2530 | B18: =A18/n_P -> 0.46 | C18: =P_nom*(k_a*B18+k_b*B18^2-k_c*B18^3) -> 31.58452 | D18: =9549.3*C18/A18 -> 119.21346 | E18: =c_eP*(k_cons-k_cons*B18+B18^2) -> 219.44331 | F18: =E18*C18/1000 -> 6.9310117
A19: =n_min+7*(n_max-n_min)/20 -> 2785 | B19: =A19/n_P -> 0.50636364 | C19: =P_nom*(k_a*B19+k_b*B19^2-k_c*B19^3) -> 34.811372 | D19: =9549.3*C19/A19 -> 119.36238 | E19: =c_eP*(k_cons-k_cons*B19+B19^2) -> 216.678 | F19: =E19*C19/1000 -> 7.5428586
A20: =n_min+8*(n_max-n_min)/20 -> 3040 | B20: =A20/n_P -> 0.55272727 | C20: =P_nom*(k_a*B20+k_b*B20^2-k_c*B20^3) -> 37.915483 | D20: =9549.3*C20/A20 -> 119.10076 | E20: =c_eP*(k_cons-k_cons*B20+B20^2) -> 215.01021 | F20: =E20*C20/1000 -> 8.1522159
A21: =n_min+9*(n_max-n_min)/20 -> 3295 | B21: =A21/n_P -> 0.59909091 | C21: =P_nom*(k_a*B21+k_b*B21^2-k_c*B21^3) -> 40.863964 | D21: =9549.3*C21/A21 -> 118.4286 | E21: =c_eP*(k_cons-k_cons*B21+B21^2) -> 214.43993 | F21: =E21*C21/1000 -> 8.7628656
A22: =n_min+10*(n_max-n_min)/20 -> 3550 | B22: =A22/n_P -> 0.64545455 | C22: =P_nom*(k_a*B22+k_b*B22^2-k_c*B22^3) -> 43.623926 | D22: =9549.3*C22/A22 -> 117.3459 | E22: =c_eP*(k_cons-k_cons*B22+B22^2) -> 214.96717 | F22: =E22*C22/1000 -> 9.3777118
A23: =n_min+11*(n_max-n_min)/20 -> 3805 | B23: =A23/n_P -> 0.69181818 | C23: =P_nom*(k_a*B23+k_b*B23^2-k_c*B23^3) -> 46.16248 | D23: =9549.3*C23/A23 -> 115.85266 | E23: =c_eP*(k_cons-k_cons*B23+B23^2) -> 216.59192 | F23: =E23*C23/1000 -> 9.9984204
A24: =n_min+12*(n_max-n_min)/20 -> 4060 | B24: =A24/n_P -> 0.73818182 | C24: =P_nom*(k_a*B24+k_b*B24^2-k_c*B24^3) -> 48.446739 | D24: =9549.3*C24/A24 -> 113.94888 | E24: =c_eP*(k_cons-k_cons*B24+B24^2) -> 219.31419 | F24: =E24*C24/1000 -> 10.625057
A25: =n_min+13*(n_max-n_min)/20 -> 4315 | B25: =A25/n_P -> 0.78454545 | C25: =P_nom*(k_a*B25+k_b*B25^2-k_c*B25^3) -> 50.443812 | D25: =9549.3*C25/A25 -> 111.63455 | E25: =c_eP*(k_cons-k_cons*B25+B25^2) -> 223.13398 | F25: =E25*C25/1000 -> 11.255729
A26: =n_min+14*(n_max-n_min)/20 -> 4570 | B26: =A26/n_P -> 0.83090909 | C26: =P_nom*(k_a*B26+k_b*B26^2-k_c*B26^3) -> 52.120812 | D26: =9549.3*C26/A26 -> 108.90969 | E26: =c_eP*(k_cons-k_cons*B26+B26^2) -> 228.05128 | F26: =E26*C26/1000 -> 11.886218
A27: =n_min+15*(n_max-n_min)/20 -> 4825 | B27: =A27/n_P -> 0.87727273 | C27: =P_nom*(k_a*B27+k_b*B27^2-k_c*B27^3) -> 53.44485 | D27: =9549.3*C27/A27 -> 105.77428 | E27: =c_eP*(k_cons-k_cons*B27+B27^2) -> 234.0661 | F27: =E27*C27/1000 -> 12.509628
A28: =n_min+16*(n_max-n_min)/20 -> 5080 | B28: =A28/n_P -> 0.92363636 | C28: =P_nom*(k_a*B28+k_b*B28^2-k_c*B28^3) -> 54.383037 | D28: =9549.3*C28/A28 -> 102.22833 | E28: =c_eP*(k_cons-k_cons*B28+B28^2) -> 241.17844 | F28: =E28*C28/1000 -> 13.116016
A29: =n_min+17*(n_max-n_min)/20 -> 5335 | B29: =A29/n_P -> 0.97 | C29: =P_nom*(k_a*B29+k_b*B29^2-k_c*B29^3) -> 54.902485 | D29: =9549.3*C29/A29 -> 98.271846 | E29: =c_eP*(k_cons-k_cons*B29+B29^2) -> 249.38829 | F29: =E29*C29/1000 -> 13.692037
A30: =n_min+18*(n_max-n_min)/20 -> 5590 | B30: =A30/n_P -> 1.0163636 | C30: =P_nom*(k_a*B30+k_b*B30^2-k_c*B30^3) -> 54.970304 | D30: =9549.3*C30/A30 -> 93.904817 | E30: =c_eP*(k_cons-k_cons*B30+B30^2) -> 258.69566 | F30: =E30*C30/1000 -> 14.220579
A31: =n_min+19*(n_max-n_min)/20 -> 5845 | B31: =A31/n_P -> 1.0627273 | C31: =P_nom*(k_a*B31+k_b*B31^2-k_c*B31^3) -> 54.553607 | D31: =9549.3*C31/A31 -> 89.127247 | E31: =c_eP*(k_cons-k_cons*B31+B31^2) -> 269.10054 | F31: =E31*C31/1000 -> 14.680405
A32: =n_min+20*(n_max-n_min)/20 -> 6100 | B32: =A32/n_P -> 1.1090909 | C32: =P_nom*(k_a*B32+k_b*B32^2-k_c*B32^3) -> 53.619504 | D32: =9549.3*C32/A32 -> 83.939136 | E32: =c_eP*(k_cons-k_cons*B32+B32^2) -> 280.60294 | F32: =E32*C32/1000 -> 15.045791
A34: Cuplul maxim [N·m] | B34: =MAX(D12:D32) -> 119.36238
A35: la turația [rot/min] | B35: =INDEX(A12:A32,MATCH(B34,D12:D32,0)) -> 2785
A36: Coeficientul de elasticitate M_max/M_P | B36: =B34/M_P -> 1.2499595
A37: Consumul specific minim [g/kWh] | B37: =MIN(E12:E32) -> 214.43993

Sheet Verificari
A1: Verificări și încadrarea în valorile uzuale (regim nominal)
A3: Mărime | B3: Valoare | C3: Min MAS | D3: Max MAS | E3: Min MAC | F3: Max MAC | G3: Rezultat
A4: Abaterea T_a [%] (≤ 2) | B4: =dT_a -> 1.8140442 | C4: 0 | D4: 2 | E4: 0 | F4: 2 | G4: =IF(IF(tip="MAS",AND(B4>=C4,B4<=D4),AND(B4>=E4,B4<=F4)),"în domeniu","verificați") -> în domeniu
A5: Abaterea T_r [%] (≤ 5) | B5: =dT_r -> 0.70755902 | C5: 0 | D5: 5 | E5: 0 | F5: 5 | G5: =IF(IF(tip="MAS",AND(B5>=C5,B5<=D5),AND(B5>=E5,B5<=F5)),"în domeniu","verificați") -> în domeniu
A6: Abaterea puterii după rotunjire [%] (≤ 5) | B6: =dP_e -> 0.68163229 | C6: 0 | D6: 5 | E6: 0 | F6: 5 | G6: =IF(IF(tip="MAS",AND(B6>=C6,B6<=D6),AND(B6>=E6,B6<=F6)),"în domeniu","verificați") -> în domeniu
A7: Coeficientul de umplere η_v | B7: =eta_v -> 0.76914766 | C7: 0.7 | D7: 0.9 | E7: 0.85 | F7: 1.05 | G7: =IF(IF(tip="MAS",AND(B7>=C7,B7<=D7),AND(B7>=E7,B7<=F7)),"în domeniu","verificați") -> în domeniu
A8: Exponentul n₁ | B8: =n_1 -> 1.3709373 | C8: 1.32 | D8: 1.39 | E8: 1.32 | F8: 1.39 | G8: =IF(IF(tip="MAS",AND(B8>=C8,B8<=D8),AND(B8>=E8,B8<=F8)),"în domeniu","verificați") -> în domeniu
A9: p_c [MPa] | B9: =p_c -> 1.883199 | C9: 1.2 | D9: 2.5 | E9: 5 | F9: 10 | G9: =IF(IF(tip="MAS",AND(B9>=C9,B9<=D9),AND(B9>=E9,B9<=F9)),"în domeniu","verificați") -> în domeniu
A10: T_c [K] | B10: =T_c -> 809.80035 | C10: 650 | D10: 850 | E10: 800 | F10: 1000 | G10: =IF(IF(tip="MAS",AND(B10>=C10,B10<=D10),AND(B10>=E10,B10<=F10)),"în domeniu","verificați") -> în domeniu
A11: T_z [K] | B11: =T_z -> 2815.833 | C11: 2400 | D11: 2900 | E11: 1900 | F11: 2300 | G11: =IF(IF(tip="MAS",AND(B11>=C11,B11<=D11),AND(B11>=E11,B11<=F11)),"în domeniu","verificați") -> în domeniu
A12: p_z [MPa] (ciclul de calcul) | B12: =p_z -> 6.8742631 | C12: 5 | D12: 8 | E12: 10 | F12: 18 | G12: =IF(IF(tip="MAS",AND(B12>=C12,B12<=D12),AND(B12>=E12,B12<=F12)),"în domeniu","verificați") -> în domeniu
A13: λ_p | B13: =lam_p -> 3.6503117 | C13: 3 | D13: 4.2 | E13: 1.4 | F13: 2 | G13: =IF(IF(tip="MAS",AND(B13>=C13,B13<=D13),AND(B13>=E13,B13<=F13)),"în domeniu","verificați") -> în domeniu
A14: Exponentul n₂ | B14: =n_2 -> 1.2405714 | C14: 1.23 | D14: 1.3 | E14: 1.23 | F14: 1.3 | G14: =IF(IF(tip="MAS",AND(B14>=C14,B14<=D14),AND(B14>=E14,B14<=F14)),"în domeniu","verificați") -> în domeniu
A15: p_b [MPa] | B15: =p_b -> 0.42100791 | C15: 0.35 | D15: 0.5 | E15: 0.35 | F15: 0.7 | G15: =IF(IF(tip="MAS",AND(B15>=C15,B15<=D15),AND(B15>=E15,B15<=F15)),"în domeniu","verificați") -> în domeniu
A16: T_b [K] | B16: =T_b -> 1638.3044 | C16: 1200 | D16: 1700 | E16: 1000 | F16: 1200 | G16: =IF(IF(tip="MAS",AND(B16>=C16,B16<=D16),AND(B16>=E16,B16<=F16)),"în domeniu","verificați") -> în domeniu
A17: p_e [MPa] | B17: =p_e -> 0.84079836 | C17: 0.8 | D17: 1.1 | E17: 1.2 | F17: 2 | G17: =IF(IF(tip="MAS",AND(B17>=C17,B17<=D17),AND(B17>=E17,B17<=F17)),"în domeniu","verificați") -> în domeniu
A18: η_e | B18: =eta_e -> 0.32418081 | C18: 0.26 | D18: 0.34 | E18: 0.32 | F18: 0.4 | G18: =IF(IF(tip="MAS",AND(B18>=C18,B18<=D18),AND(B18>=E18,B18<=F18)),"în domeniu","verificați") -> în domeniu
A19: c_e [g/kWh] | B19: =c_e -> 255.28538 | C19: 240 | D19: 310 | E19: 200 | F19: 260 | G19: =IF(IF(tip="MAS",AND(B19>=C19,B19<=D19),AND(B19>=E19,B19<=F19)),"în domeniu","verificați") -> în domeniu
A20: W_m [m/s] | B20: =W_m -> 12.942248 | C20: 8 | D20: 20 | E20: 8 | F20: 14 | G20: =IF(IF(tip="MAS",AND(B20>=C20,B20<=D20),AND(B20>=E20,B20<=F20)),"în domeniu","verificați") -> în domeniu
A23: Valorile-limită sunt orientative (Tabelele 1.1, 6.1 și capitolele 3–5 din îndrumar); o valoare „verificați” trebuie justificată sau corectată prin parametrii inițiali.

Sheet Amestecuri
A1: Energia internă și entalpia amestecurilor [kJ, pentru 1 kg combustibil] pe grila tabelelor; rândul 3: temperaturile obținute prin interpolare inversă
A2: Temperaturi: | B2: T_a′ (din I_a) | D2: T_y (din U_y) | F2: T_z (din I_z)
A3: → | C3: =INDEX($A$5:$A$71,MATCH(I_a,$B$5:$B$71,1))+50*(I_a-INDEX($B$5:$B$71,MATCH(I_a,$B$5:$B$71,1)))/(INDEX($B$5:$B$71,MATCH(I_a,$B$5:$B$71,1)+1)-INDEX($B$5:$B$71,MATCH(I_a,$B$5:$B$71,1))) -> 357.69387 | E3: =INDEX($A$5:$A$71,MATCH(U_y,$D$5:$D$71,1))+50*(U_y-INDEX($D$5:$D$71,MATCH(U_y,$D$5:$D$71,1)))/(INDEX($D$5:$D$71,MATCH(U_y,$D$5:$D$71,1)+1)-INDEX($D$5:$D$71,MATCH(U_y,$D$5:$D$71,1))) -> 2815.833 | G3: =INDEX($A$5:$A$71,MATCH(I_z,$F$5:$F$71,1))+50*(I_z-INDEX($F$5:$F$71,MATCH(I_z,$F$5:$F$71,1)))/(INDEX($F$5:$F$71,MATCH(I_z,$F$5:$F$71,1)+1)-INDEX($F$5:$F$71,MATCH(I_z,$F$5:$F$71,1))) -> 2815.833
A4: T [K] | B4: I_a (admisie) | C4: U_a (comprimare) | D4: U_y (după arderea izocoră) | E4: I_y | F4: I_z (după arderea izobară) | G4: U_z | H4: cv_a = U_a/(M_a·T) | I4: cv_z = U_z/(M_z·T)
A5: =Tabele!A5 -> 200 | B5: =a_CO2*Tabele!F5+a_H2O*Tabele!G5+a_O2*Tabele!H5+a_N2*Tabele!I5 -> 3219.6649 | C5: =a_CO2*Tabele!B5+a_H2O*Tabele!C5+a_O2*Tabele!D5+a_N2*Tabele!E5 -> 2301.9251 | D5: =y_CO2*Tabele!B5+y_H2O*Tabele!C5+y_O2*Tabele!D5+y_N2*Tabele!E5 -> 2483.8557 | E5: =y_CO2*Tabele!F5+y_H2O*Tabele!G5+y_O2*Tabele!H5+y_N2*Tabele!I5 -> 3447.2895 | F5: =z_CO2*Tabele!F5+z_H2O*Tabele!G5+z_O2*Tabele!H5+z_N2*Tabele!I5 -> 3447.2895 | G5: =z_CO2*Tabele!B5+z_H2O*Tabele!C5+z_O2*Tabele!D5+z_N2*Tabele!E5 -> 2483.8557 | H5: =C5/(M_a*A5) -> 20.853895 | I5: =G5/(M_z*A5) -> 21.434894
A6: =Tabele!A6 -> 250 | B6: =a_CO2*Tabele!F6+a_H2O*Tabele!G6+a_O2*Tabele!H6+a_N2*Tabele!I6 -> 4019.8587 | C6: =a_CO2*Tabele!B6+a_H2O*Tabele!C6+a_O2*Tabele!D6+a_N2*Tabele!E6 -> 2872.6434 | D6: =y_CO2*Tabele!B6+y_H2O*Tabele!C6+y_O2*Tabele!D6+y_N2*Tabele!E6 -> 3114.5369 | E6: =y_CO2*Tabele!F6+y_H2O*Tabele!G6+y_O2*Tabele!H6+y_N2*Tabele!I6 -> 4318.8681 | F6: =z_CO2*Tabele!F6+z_H2O*Tabele!G6+z_O2*Tabele!H6+z_N2*Tabele!I6 -> 4318.8681 | G6: =z_CO2*Tabele!B6+z_H2O*Tabele!C6+z_O2*Tabele!D6+z_N2*Tabele!E6 -> 3114.5369 | H6: =C6/(M_a*A6) -> 20.819376 | I6: =G6/(M_z*A6) -> 21.50198
A7: =Tabele!A7 -> 300 | B7: =a_CO2*Tabele!F7+a_H2O*Tabele!G7+a_O2*Tabele!H7+a_N2*Tabele!I7 -> 4824.3153 | C7: =a_CO2*Tabele!B7+a_H2O*Tabele!C7+a_O2*Tabele!D7+a_N2*Tabele!E7 -> 3447.6132 | D7: =y_CO2*Tabele!B7+y_H2O*Tabele!C7+y_O2*Tabele!D7+y_N2*Tabele!E7 -> 3757.8883 | E7: =y_CO2*Tabele!F7+y_H2O*Tabele!G7+y_O2*Tabele!H7+y_N2*Tabele!I7 -> 5203.1244 | F7: =z_CO2*Tabele!F7+z_H2O*Tabele!G7+z_O2*Tabele!H7+z_N2*Tabele!I7 -> 5203.1244 | G7: =z_CO2*Tabele!B7+z_H2O*Tabele!C7+z_O2*Tabele!D7+z_N2*Tabele!E7 -> 3757.8883 | H7: =C7/(M_a*A7) -> 20.82204 | I7: =G7/(M_z*A7) -> 21.619597
A8: =Tabele!A8 -> 350 | B8: =a_CO2*Tabele!F8+a_H2O*Tabele!G8+a_O2*Tabele!H8+a_N2*Tabele!I8 -> 5633.3242 | C8: =a_CO2*Tabele!B8+a_H2O*Tabele!C8+a_O2*Tabele!D8+a_N2*Tabele!E8 -> 4027.2441 | D8: =y_CO2*Tabele!B8+y_H2O*Tabele!C8+y_O2*Tabele!D8+y_N2*Tabele!E8 -> 4413.2143 | E8: =y_CO2*Tabele!F8+y_H2O*Tabele!G8+y_O2*Tabele!H8+y_N2*Tabele!I8 -> 6099.27 | F8: =z_CO2*Tabele!F8+z_H2O*Tabele!G8+z_O2*Tabele!H8+z_N2*Tabele!I8 -> 6099.27 | G8: =z_CO2*Tabele!B8+z_H2O*Tabele!C8+z_O2*Tabele!D8+z_N2*Tabele!E8 -> 4413.2143 | H8: =C8/(M_a*A8) -> 20.848072 | I8: =G8/(M_z*A8) -> 21.762659
A9: =Tabele!A9 -> 400 | B9: =a_CO2*Tabele!F9+a_H2O*Tabele!G9+a_O2*Tabele!H9+a_N2*Tabele!I9 -> 6447.4978 | C9: =a_CO2*Tabele!B9+a_H2O*Tabele!C9+a_O2*Tabele!D9+a_N2*Tabele!E9 -> 4611.9313 | D9: =y_CO2*Tabele!B9+y_H2O*Tabele!C9+y_O2*Tabele!D9+y_N2*Tabele!E9 -> 5079.9939 | E9: =y_CO2*Tabele!F9+y_H2O*Tabele!G9+y_O2*Tabele!H9+y_N2*Tabele!I9 -> 7006.947 | F9: =z_CO2*Tabele!F9+z_H2O*Tabele!G9+z_O2*Tabele!H9+z_N2*Tabele!I9 -> 7006.947 | G9: =z_CO2*Tabele!B9+z_H2O*Tabele!C9+z_O2*Tabele!D9+z_N2*Tabele!E9 -> 5079.9939 | H9: =C9/(M_a*A9) -> 20.8905 | I9: =G9/(M_z*A9) -> 21.919376
A10: =Tabele!A10 -> 450 | B10: =a_CO2*Tabele!F10+a_H2O*Tabele!G10+a_O2*Tabele!H10+a_N2*Tabele!I10 -> 7267.4359 | C10: =a_CO2*Tabele!B10+a_H2O*Tabele!C10+a_O2*Tabele!D10+a_N2*Tabele!E10 -> 5202.4374 | D10: =y_CO2*Tabele!B10+y_H2O*Tabele!C10+y_O2*Tabele!D10+y_N2*Tabele!E10 -> 5758.2026 | E10: =y_CO2*Tabele!F10+y_H2O*Tabele!G10+y_O2*Tabele!H10+y_N2*Tabele!I10 -> 7926.0103 | F10: =z_CO2*Tabele!F10+z_H2O*Tabele!G10+z_O2*Tabele!H10+z_N2*Tabele!I10 -> 7926.0103 | G10: =z_CO2*Tabele!B10+z_H2O*Tabele!C10+z_O2*Tabele!D10+z_N2*Tabele!E10 -> 5758.2026 | H10: =C10/(M_a*A10) -> 20.946928 | I10: =G10/(M_z*A10) -> 22.085102
A11: =Tabele!A11 -> 500 | B11: =a_CO2*Tabele!F11+a_H2O*Tabele!G11+a_O2*Tabele!H11+a_N2*Tabele!I11 -> 8093.8891 | C11: =a_CO2*Tabele!B11+a_H2O*Tabele!C11+a_O2*Tabele!D11+a_N2*Tabele!E11 -> 5799.4151 | D11: =y_CO2*Tabele!B11+y_H2O*Tabele!C11+y_O2*Tabele!D11+y_N2*Tabele!E11 -> 6447.8575 | E11: =y_CO2*Tabele!F11+y_H2O*Tabele!G11+y_O2*Tabele!H11+y_N2*Tabele!I11 -> 8856.5627 | F11: =z_CO2*Tabele!F11+z_H2O*Tabele!G11+z_O2*Tabele!H11+z_N2*Tabele!I11 -> 8856.5627 | G11: =z_CO2*Tabele!B11+z_H2O*Tabele!C11+z_O2*Tabele!D11+z_N2*Tabele!E11 -> 6447.8575 | H11: =C11/(M_a*A11) -> 21.015522 | I11: =G11/(M_z*A11) -> 22.257194
A12: =Tabele!A12 -> 550 | B12: =a_CO2*Tabele!F12+a_H2O*Tabele!G12+a_O2*Tabele!H12+a_N2*Tabele!I12 -> 8927.5844 | C12: =a_CO2*Tabele!B12+a_H2O*Tabele!C12+a_O2*Tabele!D12+a_N2*Tabele!E12 -> 6403.667 | D12: =y_CO2*Tabele!B12+y_H2O*Tabele!C12+y_O2*Tabele!D12+y_N2*Tabele!E12 -> 7149.2516 | E12: =y_CO2*Tabele!F12+y_H2O*Tabele!G12+y_O2*Tabele!H12+y_N2*Tabele!I12 -> 9798.8191 | F12: =z_CO2*Tabele!F12+z_H2O*Tabele!G12+z_O2*Tabele!H12+z_N2*Tabele!I12 -> 9798.8191 | G12: =z_CO2*Tabele!B12+z_H2O*Tabele!C12+z_O2*Tabele!D12+z_N2*Tabele!E12 -> 7149.2516 | H12: =C12/(M_a*A12) -> 21.095608 | I12: =G12/(M_z*A12) -> 22.434835
A13: =Tabele!A13 -> 600 | B13: =a_CO2*Tabele!F13+a_H2O*Tabele!G13+a_O2*Tabele!H13+a_N2*Tabele!I13 -> 9769.2701 | C13: =a_CO2*Tabele!B13+a_H2O*Tabele!C13+a_O2*Tabele!D13+a_N2*Tabele!E13 -> 7015.9203 | D13: =y_CO2*Tabele!B13+y_H2O*Tabele!C13+y_O2*Tabele!D13+y_N2*Tabele!E13 -> 7862.6997 | E13: =y_CO2*Tabele!F13+y_H2O*Tabele!G13+y_O2*Tabele!H13+y_N2*Tabele!I13 -> 10753.129 | F13: =z_CO2*Tabele!F13+z_H2O*Tabele!G13+z_O2*Tabele!H13+z_N2*Tabele!I13 -> 10753.129 | G13: =z_CO2*Tabele!B13+z_H2O*Tabele!C13+z_O2*Tabele!D13+z_N2*Tabele!E13 -> 7862.6997 | H13: =C13/(M_a*A13) -> 21.186509 | I13: =G13/(M_z*A13) -> 22.617543
A14: =Tabele!A14 -> 650 | B14: =a_CO2*Tabele!F14+a_H2O*Tabele!G14+a_O2*Tabele!H14+a_N2*Tabele!I14 -> 10619.717 | C14: =a_CO2*Tabele!B14+a_H2O*Tabele!C14+a_O2*Tabele!D14+a_N2*Tabele!E14 -> 7636.9353 | D14: =y_CO2*Tabele!B14+y_H2O*Tabele!C14+y_O2*Tabele!D14+y_N2*Tabele!E14 -> 8588.6666 | E14: =y_CO2*Tabele!F14+y_H2O*Tabele!G14+y_O2*Tabele!H14+y_N2*Tabele!I14 -> 11719.951 | F14: =z_CO2*Tabele!F14+z_H2O*Tabele!G14+z_O2*Tabele!H14+z_N2*Tabele!I14 -> 11719.951 | G14: =z_CO2*Tabele!B14+z_H2O*Tabele!C14+z_O2*Tabele!D14+z_N2*Tabele!E14 -> 8588.6666 | H14: =C14/(M_a*A14) -> 21.287848 | I14: =G14/(M_z*A14) -> 22.805383
A15: =Tabele!A15 -> 700 | B15: =a_CO2*Tabele!F15+a_H2O*Tabele!G15+a_O2*Tabele!H15+a_N2*Tabele!I15 -> 11479.511 | C15: =a_CO2*Tabele!B15+a_H2O*Tabele!C15+a_O2*Tabele!D15+a_N2*Tabele!E15 -> 8267.2973 | D15: =y_CO2*Tabele!B15+y_H2O*Tabele!C15+y_O2*Tabele!D15+y_N2*Tabele!E15 -> 9327.5235 | E15: =y_CO2*Tabele!F15+y_H2O*Tabele!G15+y_O2*Tabele!H15+y_N2*Tabele!I15 -> 12699.662 | F15: =z_CO2*Tabele!F15+z_H2O*Tabele!G15+z_O2*Tabele!H15+z_N2*Tabele!I15 -> 12699.662 | G15: =z_CO2*Tabele!B15+z_H2O*Tabele!C15+z_O2*Tabele!D15+z_N2*Tabele!E15 -> 9327.5235 | H15: =C15/(M_a*A15) -> 21.398903 | I15: =G15/(M_z*A15) -> 22.998171
A16: =Tabele!A16 -> 750 | B16: =a_CO2*Tabele!F16+a_H2O*Tabele!G16+a_O2*Tabele!H16+a_N2*Tabele!I16 -> 12349.131 | C16: =a_CO2*Tabele!B16+a_H2O*Tabele!C16+a_O2*Tabele!D16+a_N2*Tabele!E16 -> 8907.4422 | D16: =y_CO2*Tabele!B16+y_H2O*Tabele!C16+y_O2*Tabele!D16+y_N2*Tabele!E16 -> 10079.558 | E16: =y_CO2*Tabele!F16+y_H2O*Tabele!G16+y_O2*Tabele!H16+y_N2*Tabele!I16 -> 13692.595 | F16: =z_CO2*Tabele!F16+z_H2O*Tabele!G16+z_O2*Tabele!H16+z_N2*Tabele!I16 -> 13692.595 | G16: =z_CO2*Tabele!B16+z_H2O*Tabele!C16+z_O2*Tabele!D16+z_N2*Tabele!E16 -> 10079.558 | H16: =C16/(M_a*A16) -> 21.518785 | I16: =G16/(M_z*A16) -> 23.19558
... A71: =Tabele!A71 -> 3500 | B71: =a_CO2*Tabele!F71+a_H2O*Tabele!G71+a_O2*Tabele!H71+a_N2*Tabele!I71 -> 67481.955 | C71: =a_CO2*Tabele!B71+a_H2O*Tabele!C71+a_O2*Tabele!D71+a_N2*Tabele!E71 -> 51420.831 | D71: =y_CO2*Tabele!B71+y_H2O*Tabele!C71+y_O2*Tabele!D71+y_N2*Tabele!E71 -> 61739.536 | E71: =y_CO2*Tabele!F71+y_H2O*Tabele!G71+y_O2*Tabele!H71+y_N2*Tabele!I71 -> 78600.289 | F71: =z_CO2*Tabele!F71+z_H2O*Tabele!G71+z_O2*Tabele!H71+z_N2*Tabele!I71 -> 78600.289 | G71: =z_CO2*Tabele!B71+z_H2O*Tabele!C71+z_O2*Tabele!D71+z_N2*Tabele!E71 -> 61739.536 | H71: =C71/(M_a*A71) -> 26.619325 | I71: =G71/(M_z*A71) -> 30.445303

Sheet Tabele
A1: Energia internă u și entalpia i molare [kJ/kmol], originea la 0 K (polinoame NASA – GRI-Mech 3.0; H(298)−H(0) din tabelele JANAF). Grilă din 50 în 50 K.
A4: T [K] | B4: u CO₂ | C4: u H₂O | D4: u O₂ | E4: u N₂ | F4: i CO₂ | G4: i H₂O | H4: i O₂ | I4: i N₂
A5: 200 | B5: 4285.2 | C5: 4960.2 | D5: 4153.3 | E5: 4166.6 | F5: 5948.1 | G5: 6623.1 | H5: 5816.2 | I5: 5829.4
A6: 250 | B6: 5550.7 | C6: 6212.9 | D6: 5195 | E6: 5194.5 | F6: 7629.3 | G6: 8291.5 | H6: 7273.6 | I6: 7273.1
A7: 300 | B7: 6938.4 | C7: 7471.8 | D7: 6243 | E7: 6229.4 | F7: 9432.8 | G7: 9966.1 | H7: 8737.4 | I7: 8723.8
A8: 350 | B8: 8437.6 | C8: 8742.8 | D8: 7304.4 | E8: 7270.5 | F8: 11347.7 | G8: 11652.9 | H8: 10214.4 | I8: 10180.5
A9: 400 | B9: 10038.2 | C9: 10030.7 | D9: 8384.2 | E9: 8317.5 | F9: 13364 | G9: 13356.5 | H9: 11710 | I9: 11643.3
A10: 450 | B10: 11730.9 | C10: 11339.3 | D10: 9486 | E10: 9371.3 | F10: 15472.4 | G10: 15080.8 | H10: 13227.5 | I10: 13112.8
A11: 500 | B11: 13507.2 | C11: 12671.6 | D11: 10612 | E11: 10432.9 | F11: 17664.4 | G11: 16828.8 | H11: 14769.2 | I11: 14590.2
A12: 550 | B12: 15359 | C12: 14029.9 | D12: 11763 | E12: 11504 | F12: 19931.9 | G12: 18602.9 | H12: 16336 | I12: 16077
A13: 600 | B13: 17279.1 | C13: 15415.9 | D13: 12939.1 | E13: 12586.3 | F13: 22267.8 | G13: 20404.6 | H13: 17927.8 | I13: 17575
A14: 650 | B14: 19261 | C14: 16830.9 | D14: 14139.5 | E14: 13681.8 | F14: 24665.4 | G14: 22235.3 | H14: 19543.9 | I14: 19086.2
A15: 700 | B15: 21298.8 | C15: 18275.5 | D15: 15362.6 | E15: 14792.3 | F15: 27118.9 | G15: 24095.6 | H15: 21182.7 | I15: 20612.4
A16: 750 | B16: 23387.1 | C16: 19750.4 | D16: 16606.6 | E16: 15919.3 | F16: 29622.9 | G16: 25986.2 | H16: 22842.4 | I16: 22155.2
... A71: 3500 | B71: 164302.3 | C71: 137235.8 | D71: 97927.6 | E71: 90885.3 | F71: 193402.9 | G71: 166336.4 | H71: 127028.2 | I71: 119985.9
